uid|sb|code|error|updated
uid://A002/X71895d/X127|uid://A002/X6f9b0f/X7b|2012.1.00001.S|0.0455362337232|False
uid://A002/X71a45c/X668|uid://A002/X6f9b0f/X7b|2012.1.00001.S|0.045595029172|False
uid://A002/X72c4aa/X18e|uid://A002/X6f9b0f/X7b|2012.1.00001.S|0.0451245257452|False
uid://A002/X72d23d/X1d4|uid://A002/X6f9b0f/X7b|2012.1.00001.S|0.0452568628705|False
uid://A002/X822112/X161|uid://A002/X6f9b0f/X7a|2012.1.00001.S|0.0477681021436|False
uid://A002/X839000/X80|uid://A002/X5ce05d/X1d2|2012.1.00001.S|0.0268889210367|False
uid://A002/X847097/X1607|uid://A002/X6f9b0f/X7a|2012.1.00001.S|0.0477681021436|False
uid://A002/X85b7b2/X663|uid://A002/X5ce05d/X1d2|2012.1.00001.S|0.0268889210367|False
uid://A002/X877956/X12bd|uid://A002/X6f9b0f/X7c|2012.1.00001.S|0.0291514002992|False
uid://A002/Xa0b40d/X1197|uid://A002/X6f9b0f/X7c|2012.1.00001.S|0.0291514002992|False
uid://A002/Xa13953/X28f9|uid://A002/X6f9b0f/X7c|2012.1.00001.S|0.0291514002992|False
uid://A002/X77da97/X1896|uid://A002/X6444ba/X79|2012.1.00019.S|0.0178014946947|False
uid://A002/X78774a/Xba5|uid://A002/X6444ba/X79|2012.1.00019.S|0.0178014946947|False
uid://A002/X7955bb/Xa1c|uid://A002/X6444ba/X79|2012.1.00019.S|0.0178014946947|False
uid://A002/X7c6ce6/X33f|uid://A002/X6444ba/X78|2012.1.00019.S|0.0207440462357|False
uid://A002/X826a79/Xcdb|uid://A002/X639a2a/X1|2012.1.00060.S|0.218652645262|True
uid://A002/X651f57/Xadd|uid://A002/X6444ba/X7|2012.1.00080.S|0.06690605946|True
uid://A002/X651f57/Xade|uid://A002/X6444ba/X8|2012.1.00080.S|0.0690920229257|False
uid://A002/X67ccac/X4f0|uid://A002/X6444ba/X8|2012.1.00080.S|0.0690920226608|False
uid://A002/X67f61e/X58a|uid://A002/X6444ba/X8|2012.1.00080.S|0.0690920226608|False
uid://A002/X680f8a/Xadc|uid://A002/X6444ba/X7|2012.1.00080.S|0.0669060592574|True
uid://A002/X6a3f7f/X6c|uid://A002/X6444ba/X8|2012.1.00080.S|0.0690920226608|False
uid://A002/X6a533e/Xd66|uid://A002/X6444ba/X7|2012.1.00080.S|0.0669060592574|True
uid://A002/X6f1341/X95|uid://A002/X6444ba/X8|2012.1.00080.S|0.0690920226608|False
uid://A002/X717cdc/X213|uid://A002/X6444ba/X8|2012.1.00080.S|1288167.24584|True
uid://A002/X71a45c/X5c|uid://A002/X6444ba/X8|2012.1.00080.S|1288167.24365|True
uid://A002/X7330a2/X77|uid://A002/X6444ba/X8|2012.1.00080.S|1288167.25293|True
uid://A002/X734e5c/X7e|uid://A002/X6444ba/X8|2012.1.00080.S|1288167.24548|True
uid://A002/X7c30c9/X16da|uid://A002/X6444ba/X8|2012.1.00080.S|0.0690920226608|False
uid://A002/X7d194b/X167c|uid://A002/X6444ba/X8|2012.1.00080.S|0.0690920226608|False
uid://A002/X7e4988/Xfda|uid://A002/X6444ba/X8|2012.1.00080.S|0.0690920226608|False
uid://A002/X7e4988/X147b|uid://A002/X6444ba/X8|2012.1.00080.S|0.0690920226608|False
uid://A002/X7e72ba/X940|uid://A002/X6444ba/X8|2012.1.00080.S|0.0690920226608|False
uid://A002/X7e72ba/Xcf9|uid://A002/X6444ba/X8|2012.1.00080.S|0.0690920226608|False
uid://A002/X7e72ba/X10b1|uid://A002/X6444ba/X8|2012.1.00080.S|0.0690920226608|False
uid://A002/X7fb89e/X10f5|uid://A002/X6444ba/X7|2012.1.00080.S|0.0669039129137|False
uid://A002/X7fc9da/X138b|uid://A002/X6444ba/X7|2012.1.00080.S|0.0669039129137|False
uid://A002/X7fc9da/X4064|uid://A002/X6444ba/X7|2012.1.00080.S|0.0669039129137|False
uid://A002/X7fffd6/X221|uid://A002/X6444ba/X7|2012.1.00080.S|0.0669060592574|False
uid://A002/X7fffd6/X5fe|uid://A002/X6444ba/X8|2012.1.00080.S|0.0690920226608|False
uid://A002/X7fffd6/Xa43|uid://A002/X6444ba/X8|2012.1.00080.S|0.0690920226608|False
uid://A002/X800eb6/Xa41|uid://A002/X6444ba/X8|2012.1.00080.S|0.0690920226608|False
uid://A002/X95e355/X24b0|uid://A002/X6444ba/X7|2012.1.00080.S|0.0669060592574|False
uid://A002/X95e355/X2aa6|uid://A002/X6444ba/X7|2012.1.00080.S|0.0669060592574|False
uid://A002/X960614/X1c81|uid://A002/X6444ba/X8|2012.1.00080.S|0.0690920226608|False
uid://A002/X97fa9e/X369a|uid://A002/X6444ba/X8|2012.1.00080.S|0.0690920226608|False
uid://A002/X98124f/X2d7c|uid://A002/X6444ba/X8|2012.1.00080.S|0.0690920226608|False
uid://A002/X9a3e71/X306e|uid://A002/X6444ba/X7|2012.1.00080.S|0.0669060592574|False
uid://A002/X7143f6/X6e5|uid://A002/X5d3d26/X2c|2012.1.00108.S|0.0166566785974|False
uid://A002/X71cec2/X535|uid://A002/X5d3d26/X2c|2012.1.00108.S|0.0169831012009|False
uid://A002/X71e4ae/X6dc|uid://A002/X5d3d26/X2c|2012.1.00108.S|0.0182791100359|False
uid://A002/X7330a2/X769|uid://A002/X5a9a13/X70c|2012.1.00108.S|0.0114081384989|False
uid://A002/X74deb6/X292|uid://A002/X5a9a13/X70c|2012.1.00108.S|0.0171203266713|False
uid://A002/X7f18fb/X10f4|uid://A002/X758152/X4|2012.1.00133.S|0.010499969673|False
uid://A002/X7fc9da/X3cff|uid://A002/X758152/X4|2012.1.00133.S|0.010499969673|False
uid://A002/X9d4710/Xbf|uid://A002/X758152/X4|2012.1.00133.S|0.010499969673|False
uid://A002/Xa068cb/X1ea5|uid://A002/X758152/X4|2012.1.00133.S|0.010499969673|False
uid://A002/Xa068cb/X31c1|uid://A002/X758152/X4|2012.1.00133.S|0.010499969673|False
uid://A002/X75bfbf/Xace|uid://A002/X5a9a13/X583|2012.1.00142.S|0.0469832575307|False
uid://A002/X75bfbf/X9a9|uid://A002/X5d7935/X354|2012.1.00239.S|0.0178038724959|False
uid://A002/X7fb89e/X13f9|uid://A002/X6b0cc1/X135|2012.1.00242.S|0.0105803386571|False
uid://A002/Xa4b3e9/X171a|uid://A002/X6b0cc1/X134|2012.1.00242.S|0.0103445939472|False
uid://A002/Xa4b3e9/X1c78|uid://A002/X6b0cc1/X134|2012.1.00242.S|0.0103445939472|False
uid://A002/Xa4ce71/X6ef|uid://A002/X6b0cc1/X134|2012.1.00242.S|0.0103445939472|False
uid://A002/Xa4dcb9/X13d7|uid://A002/X6b0cc1/X134|2012.1.00242.S|0.0103445939472|False
uid://A002/Xa4dcb9/X1a21|uid://A002/X6b0cc1/X134|2012.1.00242.S|0.0103445939472|False
uid://A002/X7c6ce6/Xa4|uid://A002/X6444ba/X9e|2012.1.00261.S|0.0855921285605|True
uid://A002/X7d44e7/X1bf|uid://A002/X6444ba/X9f|2012.1.00261.S|0.0855921285605|True
uid://A002/X7d44e7/X2dd|uid://A002/X6444ba/X9f|2012.1.00261.S|0.0855921285605|True
uid://A002/X75d7ca/X1e8|uid://A002/X684eb5/X3|2012.1.00271.S|0.0238170097|False
uid://A002/X75f169/X2dd|uid://A002/X684eb5/X3|2012.1.00271.S|0.0212327156355|False
uid://A002/X760eb8/X39e|uid://A002/X684eb5/X3|2012.1.00271.S|0.0224138935896|False
uid://A002/X760eb8/X88f|uid://A002/X684eb5/X3|2012.1.00271.S|0.0240978103083|False
uid://A002/X6f1341/Xeb1|uid://A002/X5eed86/X93|2012.1.00285.S|0.0184735917708|False
uid://A002/X7c3a52/X1bc|uid://A002/X5eed86/X93|2012.1.00285.S|0.0184735917708|False
uid://A002/X7c3a52/X2e7|uid://A002/X5eed86/X92|2012.1.00285.S|0.0251463446456|False
uid://A002/X7c5411/X486|uid://A002/X5eed86/X92|2012.1.00285.S|0.0251463446456|False
uid://A002/X7c5411/X836|uid://A002/X5eed86/X92|2012.1.00285.S|0.0251463446456|False
uid://A002/X7d44e7/X103|uid://A002/X5eed86/X93|2012.1.00285.S|0.0184735917708|False
uid://A002/X7d44e7/X301a|uid://A002/X5eed86/X93|2012.1.00285.S|0.0184735917455|False
uid://A002/X879b80/X1751|uid://A002/X5eed86/X93|2012.1.00285.S|0.0184735917708|False
uid://A002/X87c075/X38ee|uid://A002/X5eed86/X93|2012.1.00285.S|0.0184735917708|False
uid://A002/Xa25bbf/X53b8|uid://A002/X5eed86/X93|2012.1.00285.S|0.0184735917708|False
uid://A002/X7776f1/X1ba9|uid://A002/X67ccb6/X9|2012.1.00323.S|0.524202032949|True
uid://A002/X71e4ae/X317|uid://A002/X6f9b0f/X106|2012.1.00333.S|0.725253073517|True
uid://A002/X77da97/X43d|uid://A002/X75fbd6/X27|2012.1.00335.S|0.252851808197|True
uid://A002/X77da97/X836|uid://A002/X75fbd6/X27|2012.1.00335.S|0.252851808197|True
uid://A002/X77da97/Xc17|uid://A002/X75fbd6/X28|2012.1.00335.S|0.259273499551|False
uid://A002/X785e52/Xf3b|uid://A002/X75fbd6/X28|2012.1.00335.S|0.259273499551|False
uid://A002/X78cd19/X7c6|uid://A002/X75fbd6/X28|2012.1.00335.S|0.259273499551|False
uid://A002/X78cd19/Xd25|uid://A002/X75fbd6/X28|2012.1.00335.S|0.259273499551|False
uid://A002/X78cd19/X1225|uid://A002/X75fbd6/X28|2012.1.00335.S|0.259273499551|False
uid://A002/X8081ba/X4b0a|uid://A002/X75fbd6/X28|2012.1.00335.S|0.259273499551|False
uid://A002/X7e4988/X1f2|uid://A002/X788a57/X21|2012.1.00357.S|0.0337150513214|False
uid://A002/X72ae5e/X48c|uid://A002/X5a9a13/X6d0|2012.1.00382.S|0.0486629377489|False
uid://A002/X72ae5e/X8a8|uid://A002/X5a9a13/X6d0|2012.1.00382.S|0.0639082146076|False
uid://A002/X72d23d/Xafb|uid://A002/X5a9a13/X6d0|2012.1.00382.S|0.0637553731245|False
uid://A002/X72e960/X13f3|uid://A002/X5a9a13/X6d0|2012.1.00382.S|0.063304317512|False
uid://A002/X72e960/X197e|uid://A002/X5a9a13/X6d0|2012.1.00382.S|0.0637049799124|False
uid://A002/X7310ce/X1358|uid://A002/X5a9a13/X6d0|2012.1.00382.S|0.063413594093|False
uid://A002/X7310ce/X183d|uid://A002/X5a9a13/X6d0|2012.1.00382.S|0.0637241204676|False
uid://A002/X74821d/X1272|uid://A002/X5a9a13/X6d4|2012.1.00382.S|0.0492317351489|False
uid://A002/X74a173/X1a8f|uid://A002/X5a9a13/X6d4|2012.1.00382.S|0.0467731319653|False
uid://A002/X75d7ca/Xc97|uid://A002/X5a9a13/X6d3|2012.1.00382.S|0.0559728859531|False
uid://A002/X75d7ca/Xea4|uid://A002/X5a9a13/X6d3|2012.1.00382.S|0.0561398334226|False
uid://A002/X75d7ca/X118b|uid://A002/X5a9a13/X6d3|2012.1.00382.S|0.056304783352|False
uid://A002/X7e4988/X61e|uid://A002/X5a9a13/X6cf|2012.1.00382.S|0.0653516483535|False
uid://A002/X7ebc8f/X343|uid://A002/X5a9a13/X6cf|2012.1.00382.S|0.0653516483535|False
uid://A002/X7fc9da/X7f|uid://A002/X5a9a13/X6cf|2012.1.00382.S|0.0653516483535|False
uid://A002/X839000/X27a|uid://A002/X5a9a13/X6d4|2012.1.00382.S|0.0456468275383|False
uid://A002/X839000/X784|uid://A002/X5a9a13/X6d4|2012.1.00382.S|0.0456468275383|False
uid://A002/X839000/Xc0d|uid://A002/X5a9a13/X6d0|2012.1.00382.S|0.0634565551339|False
uid://A002/X855419/X2466|uid://A002/X5a9a13/X6d0|2012.1.00382.S|0.0634565551339|False
uid://A002/X856bb8/X81b|uid://A002/X5a9a13/X6d4|2012.1.00382.S|0.0456468275383|False
uid://A002/X856bb8/X4643|uid://A002/X5a9a13/X6d0|2012.1.00382.S|0.0634565551339|False
uid://A002/X75bfbf/X1430|uid://A002/X6b0cc1/Xa0|2012.1.00385.S|1295920.78126|True
uid://A002/X75bfbf/X1728|uid://A002/X6b0cc1/Xa0|2012.1.00385.S|1295920.44799|True
uid://A002/X736ee1/X1f3|uid://A002/X639a2a/X41|2012.1.00394.S|0.178754626328|False
uid://A002/X736ee1/X456|uid://A002/X639a2a/X41|2012.1.00394.S|0.162070211382|False
uid://A002/X736ee1/X69e|uid://A002/X639a2a/X41|2012.1.00394.S|0.162457906407|False
uid://A002/X74fea5/X105d|uid://A002/X639a2a/X40|2012.1.00394.S|403.776318195|True
uid://A002/X74fea5/X1311|uid://A002/X639a2a/X3e|2012.1.00394.S|0.157410817168|True
uid://A002/X75ab74/X158e|uid://A002/X639a2a/X41|2012.1.00394.S|0.176181684119|False
uid://A002/X775008/X3d9|uid://A002/X639a2a/X3a|2012.1.00394.S|40.7996913997|True
uid://A002/X775008/X95e|uid://A002/X639a2a/X3f|2012.1.00394.S|0.0179379340385|False
uid://A002/X775008/Xe23|uid://A002/X639a2a/X3f|2012.1.00394.S|0.0179379340385|False
uid://A002/X775008/X1188|uid://A002/X639a2a/X3f|2012.1.00394.S|0.0179379340385|False
uid://A002/X7776f1/X60|uid://A002/X639a2a/X3c|2012.1.00394.S|40.7996913997|True
uid://A002/X7776f1/X4a4|uid://A002/X639a2a/X3c|2012.1.00394.S|40.7996913997|True
uid://A002/X7955bb/X5c9|uid://A002/X639a2a/X3f|2012.1.00394.S|0.0179379340385|False
uid://A002/X8440e0/X2743|uid://A002/X639a2a/X41|2012.1.00394.S|0.0162320487927|False
uid://A002/X895c89/X21b|uid://A002/X639a2a/X41|2012.1.00394.S|0.0162320487927|False
uid://A002/X8970e9/X1204|uid://A002/X639a2a/X41|2012.1.00394.S|0.0162320487927|False
uid://A002/X9d355b/Xba1|uid://A002/X639a2a/X41|2012.1.00394.S|0.0162320487927|False
uid://A002/X75f169/X1003|uid://A002/X5d5f8a/X3|2012.1.00501.S|1097897.21299|True
uid://A002/X78a4a4/Xe6|uid://A002/X75fbd6/X124|2012.1.00532.S|0.0522713732214|False
uid://A002/X78a4a4/X57b|uid://A002/X75fbd6/X124|2012.1.00532.S|0.0522713732214|False
uid://A002/X7c3a52/X4a9|uid://A002/X75fbd6/X123|2012.1.00532.S|0.0595990008953|False
uid://A002/X7c3a52/X904|uid://A002/X75fbd6/X123|2012.1.00532.S|0.0595990008953|False
uid://A002/X7d3c04/X71f|uid://A002/X75fbd6/X124|2012.1.00532.S|0.0522713732214|False
uid://A002/X7c8369/X64e|uid://A002/X6444ba/X33|2012.1.00542.S|2.83098501364|True
uid://A002/X7d76cc/X520|uid://A002/X6444ba/X34|2012.1.00542.S|3.22937708025|True
uid://A002/X95b353/Xb11|uid://A002/X6444ba/X34|2012.1.00542.S|3.22937708025|True
uid://A002/X6f2c6e/X3529|uid://A002/X5d7935/X39f|2012.1.00554.S|0.0246841930904|False
uid://A002/X6f2c6e/X3af3|uid://A002/X5d7935/X3a3|2012.1.00554.S|0.327356366825|False
uid://A002/X6f4daf/X112c|uid://A002/X5d7935/X39f|2012.1.00554.S|0.0246841930904|False
uid://A002/X6f6a58/X6ff|uid://A002/X5d7935/X39f|2012.1.00554.S|0.0246841930904|False
uid://A002/X6f6a58/X88b|uid://A002/X5d7935/X3a3|2012.1.00554.S|0.327356366825|False
uid://A002/X71a45c/Xe44|uid://A002/X5d7935/X3a3|2012.1.00554.S|0.327251958082|False
uid://A002/X74a173/X23b7|uid://A002/X5d7935/X39e|2012.1.00554.S|0.0436156341996|False
uid://A002/X74d4df/X913|uid://A002/X5d7935/X3a0|2012.1.00554.S|0.033410146551|False
uid://A002/X74deb6/X44e|uid://A002/X5d7935/X3a1|2012.1.00554.S|0.0844828785027|False
uid://A002/X74deb6/X66f|uid://A002/X5d7935/X3a1|2012.1.00554.S|0.107865158079|False
uid://A002/X74deb6/X14df|uid://A002/X5d7935/X3a2|2012.1.00554.S|0.321383161871|True
uid://A002/X74deb6/X1585|uid://A002/X5d7935/X3a5|2012.1.00554.S|0.287399151345|False
uid://A002/X74eb2a/X1b7|uid://A002/X5d7935/X3a4|2012.1.00554.S|0.299937242716|True
uid://A002/X74eb2a/X24b|uid://A002/X5d7935/X3a4|2012.1.00554.S|0.299822157281|True
uid://A002/X74eb2a/X5c8|uid://A002/X5d7935/X3a5|2012.1.00554.S|0.290259536247|False
uid://A002/X74eb2a/Xaa4|uid://A002/X5d7935/X3a5|2012.1.00554.S|0.32887398223|False
uid://A002/X796777/X493|uid://A002/X5d7935/X3a1|2012.1.00554.S|0.0166029509201|False
uid://A002/X796777/X66b|uid://A002/X5d7935/X3a5|2012.1.00554.S|0.289753869921|False
uid://A002/X7b492c/X4a0|uid://A002/X5d7935/X39e|2012.1.00554.S|0.0206241529959|False
uid://A002/X7c18c1/X2be|uid://A002/X5d7935/X3a3|2012.1.00554.S|0.327356366825|False
uid://A002/X7c18c1/X4c7|uid://A002/X5d7935/X3a2|2012.1.00554.S|0.324208425379|True
uid://A002/X7c18c1/X6c6|uid://A002/X5d7935/X3a0|2012.1.00554.S|0.0120733124816|False
uid://A002/X7e72ba/X2d2|uid://A002/X5d7935/X3a5|2012.1.00554.S|0.289753869921|False
uid://A002/X7fc9da/X2ade|uid://A002/X5d7935/X3a5|2012.1.00554.S|0.289753869921|False
uid://A002/X9d355b/Xa00|uid://A002/X5d7935/X3a1|2012.1.00554.S|0.0166029509201|False
uid://A002/X75d7ca/Xe79|uid://A002/X6f9b0f/Xbc|2012.1.00603.S|0.104598522886|False
uid://A002/X75d7ca/X117e|uid://A002/X6f9b0f/Xc0|2012.1.00603.S|0.107512163353|False
uid://A002/X75d7ca/X1400|uid://A002/X6f9b0f/Xbb|2012.1.00603.S|0.0742755136503|False
uid://A002/X75d7ca/X166f|uid://A002/X6f9b0f/Xbf|2012.1.00603.S|0.0432364618337|False
uid://A002/X75f169/X4c6|uid://A002/X6f9b0f/Xc0|2012.1.00603.S|0.107943186243|False
uid://A002/X75f169/X4d9|uid://A002/X6f9b0f/Xc3|2012.1.00603.S|0.113680929036|True
uid://A002/X75f169/X6fc|uid://A002/X6f9b0f/Xc7|2012.1.00603.S|0.11762937821|True
uid://A002/X75f169/X6fd|uid://A002/X6f9b0f/Xc0|2012.1.00603.S|0.108806153152|False
uid://A002/X75f169/X8b4|uid://A002/X6f9b0f/Xcb|2012.1.00603.S|0.108307671875|True
uid://A002/X75f169/X97b|uid://A002/X6f9b0f/Xc4|2012.1.00603.S|0.102462881418|False
uid://A002/X75f169/Xbf6|uid://A002/X6f9b0f/Xc4|2012.1.00603.S|0.115487204446|False
uid://A002/X75f169/Xe48|uid://A002/X6f9b0f/Xc4|2012.1.00603.S|0.112030643749|False
uid://A002/X75f169/X1106|uid://A002/X6f9b0f/Xc8|2012.1.00603.S|0.0782036988229|False
uid://A002/X7776f1/Xa98|uid://A002/X6f9b0f/Xbc|2012.1.00603.S|0.0533854085499|False
uid://A002/X7776f1/Xdf3|uid://A002/X6f9b0f/Xbc|2012.1.00603.S|0.0533854085499|False
uid://A002/X7776f1/X11ae|uid://A002/X6f9b0f/Xc8|2012.1.00603.S|0.0770142280388|False
uid://A002/X779b0a/X39b|uid://A002/X6f9b0f/Xcc|2012.1.00603.S|0.0286034926|False
uid://A002/X779b0a/X540|uid://A002/X6f9b0f/Xcc|2012.1.00603.S|0.0286034926|False
uid://A002/X779b0a/X70b|uid://A002/X6f9b0f/Xc8|2012.1.00603.S|0.0770142280388|False
uid://A002/X779b0a/Xb1f|uid://A002/X6f9b0f/Xcc|2012.1.00603.S|0.0286034926|False
uid://A002/X877956/X18f9|uid://A002/X6f9b0f/Xc8|2012.1.00603.S|0.0770142280388|False
uid://A002/X960614/X5c9|uid://A002/X6f9b0f/Xc3|2012.1.00603.S|0.0714975762685|False
uid://A002/X960614/X6ae|uid://A002/X6f9b0f/Xc7|2012.1.00603.S|0.0683526970307|False
uid://A002/X96e770/X48e|uid://A002/X6f9b0f/Xbc|2012.1.00603.S|0.0533854085499|False
uid://A002/X988073/X19f0|uid://A002/X6f9b0f/Xcc|2012.1.00603.S|0.0286034926|False
uid://A002/X9a9a13/X4d0|uid://A002/X6f9b0f/Xc8|2012.1.00603.S|0.0770142280388|False
uid://A002/X9a9a13/X5e4|uid://A002/X6f9b0f/Xc8|2012.1.00603.S|0.0770142280388|False
uid://A002/X9a9a13/Xada|uid://A002/X6f9b0f/Xc0|2012.1.00603.S|0.0241116310032|False
uid://A002/X9aa6ef/X1e3|uid://A002/X6f9b0f/Xc0|2012.1.00603.S|0.0241116310032|False
uid://A002/X9aca45/Xba|uid://A002/X6f9b0f/Xc4|2012.1.00603.S|0.052524960347|False
uid://A002/X9aca45/X3c3|uid://A002/X6f9b0f/Xc4|2012.1.00603.S|0.052524960347|False
uid://A002/X9aca45/X697|uid://A002/X6f9b0f/Xc4|2012.1.00603.S|0.052524960347|False
uid://A002/X9f15bd/X34d3|uid://A002/X6f9b0f/Xc8|2012.1.00603.S|0.0770142280388|False
uid://A002/X9f71ec/X2ab|uid://A002/X6f9b0f/Xc8|2012.1.00603.S|0.0770142280388|False
uid://A002/X80c782/X17a6|uid://A002/X74fe5d/X1d|2012.1.00608.S|0.0188901850565|False
uid://A002/X80e1ef/X1820|uid://A002/X74fe5d/X1e|2012.1.00608.S|0.0163878201329|False
uid://A002/X80e1ef/X1a50|uid://A002/X74fe5d/X1f|2012.1.00608.S|0.0105565570815|False
uid://A002/X72e960/Xdcc|uid://A002/X6b0cc1/Xd6|2012.1.00641.S|0.115052102422|False
uid://A002/X72e960/Xfd8|uid://A002/X6b0cc1/Xd6|2012.1.00641.S|0.108802067471|False
uid://A002/X72e960/X1219|uid://A002/X6b0cc1/Xd6|2012.1.00641.S|0.0999952781974|False
uid://A002/X735201/X2c6|uid://A002/X6b0cc1/Xda|2012.1.00641.S|0.0939813573768|False
uid://A002/X735201/X38a|uid://A002/X6b0cc1/Xda|2012.1.00641.S|0.102719878871|False
uid://A002/X735201/X4a3|uid://A002/X6b0cc1/Xda|2012.1.00641.S|0.101644211523|False
uid://A002/X7363c7/X1d5|uid://A002/X6b0cc1/Xd8|2012.1.00641.S|0.0959091428284|False
uid://A002/X7363c7/X431|uid://A002/X6b0cc1/Xd8|2012.1.00641.S|0.0870350865609|False
uid://A002/X74821d/Xcec|uid://A002/X6b0cc1/Xd8|2012.1.00641.S|0.0951021651657|False
uid://A002/X74821d/Xeb9|uid://A002/X6b0cc1/Xdc|2012.1.00641.S|0.106014362186|False
uid://A002/X74821d/X109b|uid://A002/X6b0cc1/Xdc|2012.1.00641.S|0.101781922731|False
uid://A002/X74fea5/X5c|uid://A002/X6b0cc1/Xd7|2012.1.00641.S|0.0769569571526|False
uid://A002/X74fea5/X141|uid://A002/X6b0cc1/Xd9|2012.1.00641.S|0.0952258374233|False
uid://A002/X74fea5/X348|uid://A002/X6b0cc1/Xd7|2012.1.00641.S|0.0943536652288|False
uid://A002/X74fea5/X4fa|uid://A002/X6b0cc1/Xd5|2012.1.00641.S|0.114797479603|False
uid://A002/X74fea5/X696|uid://A002/X6b0cc1/Xdb|2012.1.00641.S|0.102063393989|False
uid://A002/X74fea5/X841|uid://A002/X6b0cc1/Xdd|2012.1.00641.S|0.0979732909319|False
uid://A002/X74fea5/X893|uid://A002/X6b0cc1/Xdc|2012.1.00641.S|0.0925930624283|False
uid://A002/X74fea5/Xa54|uid://A002/X6b0cc1/Xde|2012.1.00641.S|0.104209059654|False
uid://A002/X74fea5/Xc53|uid://A002/X6b0cc1/Xde|2012.1.00641.S|0.110379159051|False
uid://A002/X75ab74/Xc7e|uid://A002/X6b0cc1/Xde|2012.1.00641.S|0.101082385874|False
uid://A002/X7c18c1/X49c|uid://A002/X6b0cc1/Xdc|2012.1.00641.S|0.0352459903425|False
uid://A002/X7f18fb/X3de|uid://A002/X6b0cc1/Xd8|2012.1.00641.S|0.0314880188901|False
uid://A002/X7f18fb/X5a2|uid://A002/X6b0cc1/Xde|2012.1.00641.S|0.0365652170243|False
uid://A002/X5b2f01/X3f|uid://A002/X5a9a13/X574|2012.1.00650.S|0.0123270621539|False
uid://A002/X6f1341/X80b|uid://A002/X5a9a13/X575|2012.1.00650.S|0.0138014422192|False
uid://A002/X6f2c6e/Xb0a|uid://A002/X5a9a13/X575|2012.1.00650.S|0.0138014422192|False
uid://A002/X7fc9da/X1f0d|uid://A002/X5a9a13/X575|2012.1.00650.S|0.0138012739521|False
uid://A002/X7fc9da/X4b45|uid://A002/X5a9a13/X575|2012.1.00650.S|0.0138012739521|False
uid://A002/X8081ba/X85e|uid://A002/X5a9a13/X575|2012.1.00650.S|0.0138012739521|False
uid://A002/X8081ba/Xce1|uid://A002/X5a9a13/X575|2012.1.00650.S|0.0138012739521|False
uid://A002/X8081ba/X11fb|uid://A002/X5a9a13/X575|2012.1.00650.S|0.0138012739521|False
uid://A002/X8081ba/X3e04|uid://A002/X5a9a13/X575|2012.1.00650.S|0.0138014422192|False
uid://A002/X8081ba/X4018|uid://A002/X5a9a13/X574|2012.1.00650.S|0.0153279716931|False
uid://A002/X8081ba/X44b8|uid://A002/X5a9a13/X575|2012.1.00650.S|0.0138014422192|False
uid://A002/X8081ba/X4527|uid://A002/X5a9a13/X574|2012.1.00650.S|0.0153279716931|False
uid://A002/X80c782/X1911|uid://A002/X5a9a13/X574|2012.1.00650.S|0.0153279716931|False
uid://A002/X8204db/X4f|uid://A002/X5a9a13/X575|2012.1.00650.S|0.0138014422192|False
uid://A002/X8204db/X611|uid://A002/X5a9a13/X574|2012.1.00650.S|0.015327791119|False
uid://A002/X95b353/X471|uid://A002/X5a9a13/X574|2012.1.00650.S|0.0153279716931|False
uid://A002/X960614/X2d5b|uid://A002/X5a9a13/X574|2012.1.00650.S|0.0153279716931|False
uid://A002/X966cea/X96c|uid://A002/X5a9a13/X574|2012.1.00650.S|0.015327791119|False
uid://A002/X75ab74/X311|uid://A002/X74fe5d/X2e|2012.1.00683.S|0.145527571434|False
uid://A002/X75ab74/X5fd|uid://A002/X74fe5d/X2d|2012.1.00683.S|0.134815248606|True
uid://A002/X75ab74/X84f|uid://A002/X74fe5d/X2e|2012.1.00683.S|0.138868462507|False
uid://A002/X75bfbf/X101|uid://A002/X74fe5d/X2e|2012.1.00683.S|0.145123756113|False
uid://A002/X75bfbf/X466|uid://A002/X74fe5d/X2e|2012.1.00683.S|0.13132246068|False
uid://A002/X760eb8/X96|uid://A002/X74fe5d/X32|2012.1.00683.S|0.145664691|False
uid://A002/X835ef6/X87e|uid://A002/X74fe5d/X2e|2012.1.00683.S|0.0477853155149|False
uid://A002/X841035/Xbd8|uid://A002/X74fe5d/X2e|2012.1.00683.S|0.0477853155149|False
uid://A002/X86cc63/X1257|uid://A002/X74fe5d/X32|2012.1.00683.S|0.0603418242342|False
uid://A002/X9630c0/X104|uid://A002/X74fe5d/X31|2012.1.00683.S|0.0537796287791|False
uid://A002/X9646fb/X6ff|uid://A002/X74fe5d/X2d|2012.1.00683.S|0.0558066842547|False
uid://A002/X75ab74/X2d4|uid://A002/X6444ba/Xd1|2012.1.00720.S|0.0266077787634|False
uid://A002/X75bfbf/X79|uid://A002/X6444ba/Xd1|2012.1.00720.S|0.026840891197|False
uid://A002/X75bfbf/X465|uid://A002/X6444ba/Xd1|2012.1.00720.S|0.0252079038498|False
uid://A002/X5b9c8d/X863|uid://A002/X5a9a13/X684|2012.1.00762.S|0.0979287715419|False
uid://A002/X5e6e29/X13|uid://A002/X5a9a13/X684|2012.1.00762.S|0.0979287715419|True
uid://A002/X680f8a/X6b5|uid://A002/X5a9a13/X684|2012.1.00762.S|0.0979287715419|True
uid://A002/X6a1245/X23c|uid://A002/X5a9a13/X684|2012.1.00762.S|0.0979287715419|True
uid://A002/X74821d/X16bf|uid://A002/X5a9a13/X684|2012.1.00762.S|1286278.61684|False
uid://A002/X74deb6/X1304|uid://A002/X5a9a13/X685|2012.1.00762.S|1286274.39354|True
uid://A002/X74fea5/X10d0|uid://A002/X5a9a13/X685|2012.1.00762.S|1286276.77128|True
uid://A002/X74fea5/X1558|uid://A002/X5a9a13/X685|2012.1.00762.S|1286279.20802|True
uid://A002/X796777/X868|uid://A002/X5a9a13/X685|2012.1.00762.S|0.0944212346522|False
uid://A002/X890839/X2fc|uid://A002/X5a9a13/X685|2012.1.00762.S|0.0944212346522|False
uid://A002/X891357/X17f|uid://A002/X5a9a13/X685|2012.1.00762.S|0.0944212346522|False
uid://A002/X891ede/X7a|uid://A002/X5a9a13/X685|2012.1.00762.S|0.0944212346522|False
uid://A002/X892c75/X72|uid://A002/X5a9a13/X685|2012.1.00762.S|0.0944212346522|False
uid://A002/X892c75/X1b1|uid://A002/X5a9a13/X685|2012.1.00762.S|0.0944212346522|False
uid://A002/X895c89/X88|uid://A002/X5a9a13/X685|2012.1.00762.S|0.0944212346522|False
uid://A002/X895c89/X388|uid://A002/X5a9a13/X685|2012.1.00762.S|0.0944212346522|False
uid://A002/X8970e9/X1508|uid://A002/X5a9a13/X685|2012.1.00762.S|0.0944212346522|False
uid://A002/X8970e9/X1b08|uid://A002/X5a9a13/X685|2012.1.00762.S|0.0944212346522|False
uid://A002/X8970e9/X1e05|uid://A002/X5a9a13/X685|2012.1.00762.S|0.0944212346522|False
uid://A002/X9a03fb/X1b00|uid://A002/X5a9a13/X685|2012.1.00762.S|0.0944212346522|False
uid://A002/X74deb6/X1787|uid://A002/X628157/X8|2012.1.00781.S|374312.032747|True
uid://A002/X69fe48/X18b|uid://A002/X5a9a13/X545|2012.1.00844.S|443987.760261|True
uid://A002/X75d7ca/X361|uid://A002/X5a9a13/X548|2012.1.00844.S|489087.540012|True
uid://A002/X75f169/X173|uid://A002/X5a9a13/X545|2012.1.00844.S|443987.760261|True
uid://A002/X75f169/X33f|uid://A002/X5a9a13/X549|2012.1.00844.S|489087.540012|True
uid://A002/X775008/Xfd|uid://A002/X5a9a13/X546|2012.1.00844.S|483217.315729|True
uid://A002/X775008/X26f|uid://A002/X5a9a13/X547|2012.1.00844.S|437781.372679|True
uid://A002/X6a533e/X123c|uid://A002/X5eed86/X48|2012.1.00932.S|0.0160047990968|True
uid://A002/X7c6ce6/Xe44|uid://A002/X5eed86/X48|2012.1.00932.S|0.0160047990968|False
uid://A002/X79b541/X1bc|uid://A002/X75fbd6/X139|2012.1.00934.S|0.0188913845074|False
uid://A002/X715a3e/X13b|uid://A002/X6444ba/X1b|2012.1.00940.S|1287291.56682|True
uid://A002/X7955bb/X753|uid://A002/X5d7935/X29c|2012.1.00952.S|0.0510730789962|False
uid://A002/X796777/Xbe1|uid://A002/X5d7935/X29c|2012.1.00952.S|0.0510730789962|False
uid://A002/X72c4aa/X614|uid://A002/X5d7935/X341|2012.1.01004.S|0.0294477083413|False
uid://A002/X72d23d/X5d2|uid://A002/X5d7935/X341|2012.1.01004.S|0.0213753443862|False
uid://A002/X72d23d/X89e|uid://A002/X5d7935/X341|2012.1.01004.S|0.0207390924842|False
uid://A002/X7c30c9/X50a|uid://A002/X5d7935/X340|2012.1.01004.S|0.0179904293575|False
uid://A002/X7c8369/X269|uid://A002/X5d7935/X341|2012.1.01004.S|0.0165030898095|False
uid://A002/X71cec2/X1179|uid://A002/X5d7935/Xfb|2012.1.01099.S|0.015844379722|False
uid://A002/X71e4ae/X1388|uid://A002/X5d7935/Xfa|2012.1.01099.S|0.0144516441116|False
uid://A002/X71e4ae/X1389|uid://A002/X5d7935/Xfb|2012.1.01099.S|0.0149853385393|False
uid://A002/X74deb6/Xbf5|uid://A002/X5d7935/Xfb|2012.1.01099.S|0.0156687589628|False
uid://A002/Xa25bbf/X5cd|uid://A002/X6802f4/Xc|2012.1.01123.S|1296000.0|True
uid://A002/Xa2d681/X354|uid://A002/X6802f4/Xc|2012.1.01123.S|1296000.0|True
uid://A002/X839000/X828|uid://A001/X11f/X93|2013.1.00041.S|0.012339573111|False
uid://A002/X84187d/X373d|uid://A001/X11f/X93|2013.1.00041.S|0.012339573111|False
uid://A002/Xa0b40d/X16ac|uid://A002/X99422c/X7|2013.1.00041.S|0.0337916332627|False
uid://A002/Xa0b40d/X1c08|uid://A002/X99422c/X7|2013.1.00041.S|0.0337916332627|False
uid://A002/X972bd6/Xe14|uid://A001/X146/Xcc|2013.1.00214.S|0.259273490612|False
uid://A002/X98ed3f/X1cf5|uid://A001/X145/X438|2013.1.00214.S|0.244677085536|True
uid://A002/X98ed3f/X21cf|uid://A001/X146/Xcb|2013.1.00214.S|0.252851801312|True
uid://A002/X9a24bb/X1460|uid://A001/X146/Xcb|2013.1.00214.S|0.252851801312|True
uid://A002/X9d4710/X20b3|uid://A001/X146/Xcc|2013.1.00214.S|0.259273490612|False
uid://A002/X9f54f7/X599|uid://A001/X146/Xcc|2013.1.00214.S|0.259273490612|False
uid://A002/X9fa4e2/X178|uid://A001/X146/Xcc|2013.1.00214.S|0.259273490612|False
uid://A002/X85b7b2/Xb3|uid://A001/X121/X4b4|2013.1.00269.S|0.0829723569348|False
uid://A002/X85c183/X1434|uid://A001/X121/X4b4|2013.1.00269.S|0.0829723569348|False
uid://A002/X85dcf7/Xc7c|uid://A001/X121/X4b4|2013.1.00269.S|0.0829723569348|False
uid://A002/X85dcf7/Xefe|uid://A001/X121/X4b4|2013.1.00269.S|0.0829723569348|False
uid://A002/X95e355/X1f13|uid://A001/X121/X4b3|2013.1.00269.S|0.0802846755656|False
uid://A002/X95e355/X220a|uid://A001/X121/X4b3|2013.1.00269.S|0.0802846755656|False
uid://A002/X9cffbd/Xefe|uid://A001/X121/X4b3|2013.1.00269.S|0.0802846755656|False
uid://A002/X9d13e3/Xd4f|uid://A001/X121/X4b3|2013.1.00269.S|0.0802846755656|False
uid://A002/Xa4ce71/X49f|uid://A001/X121/X4b2|2013.1.00269.S|0.0802846755656|True
uid://A002/Xa4dcb9/X8ac|uid://A001/X121/X4b2|2013.1.00269.S|0.0802846755656|True
uid://A002/Xa4dcb9/Xbad|uid://A001/X121/X4b2|2013.1.00269.S|0.0802846755656|True
uid://A002/Xa4dcb9/Xebe|uid://A001/X121/X4b2|2013.1.00269.S|0.0802846755656|True
uid://A002/X9f15bd/X1b57|uid://A001/X196/X4d|2013.1.00312.S|0.052003740782|False
uid://A002/X9f15bd/X1e98|uid://A001/X196/X49|2013.1.00312.S|0.0451332483492|False
uid://A002/X9f71ec/X216b|uid://A001/X196/X4a|2013.1.00312.S|0.0357158837033|False
uid://A002/X9f852b/X17e6|uid://A001/X196/X4e|2013.1.00312.S|0.0455147978758|False
uid://A002/X9fddd8/X2ec6|uid://A001/X196/X4e|2013.1.00312.S|0.0455147978758|False
uid://A002/X836a4d/X1211|uid://A001/X122/X500|2013.1.00351.S|0.0756302940259|False
uid://A002/X837c61/X1640|uid://A001/X122/X502|2013.1.00351.S|0.375183698424|False
uid://A002/X839000/X2e7b|uid://A001/X122/X500|2013.1.00351.S|0.0756302940259|False
uid://A002/X839000/X3174|uid://A001/X122/X500|2013.1.00351.S|0.0756302940259|False
uid://A002/X83b318/X103b|uid://A001/X122/X500|2013.1.00351.S|0.0756302940259|False
uid://A002/X83bead/X1d92|uid://A001/X122/X500|2013.1.00351.S|0.0756302940259|False
uid://A002/X841035/X145|uid://A001/X122/X502|2013.1.00351.S|0.375183698424|False
uid://A002/X8440e0/Xa54|uid://A001/X122/X502|2013.1.00351.S|0.375183698424|False
uid://A002/X8440e0/Xe0c|uid://A001/X122/X502|2013.1.00351.S|0.375183698424|False
uid://A002/X847097/X18ea|uid://A001/X122/X502|2013.1.00351.S|0.375183698424|False
uid://A002/X8b7acb/Xdfc|uid://A001/X122/X500|2013.1.00351.S|0.0756302940259|False
uid://A002/X960614/X2047|uid://A001/X122/X4ff|2013.1.00351.S|0.0737373468181|False
uid://A002/X960614/X25c7|uid://A001/X122/X4ff|2013.1.00351.S|0.0737373468181|False
uid://A002/X9646fb/X85|uid://A001/X122/X500|2013.1.00351.S|0.0756302940259|False
uid://A002/X966cea/X88|uid://A001/X122/X501|2013.1.00351.S|0.383881766562|True
uid://A002/X966cea/X35d|uid://A001/X122/X501|2013.1.00351.S|0.383881766562|True
uid://A002/X98124f/X44c|uid://A001/X145/X15d|2013.1.00356.S|0.107947995528|False
uid://A002/X98124f/Xa22|uid://A001/X145/X15e|2013.1.00356.S|0.0916357116842|False
uid://A002/X98124f/Xbf7|uid://A001/X145/X15d|2013.1.00356.S|0.107947995528|False
uid://A002/X98124f/Xe9e|uid://A001/X145/X15e|2013.1.00356.S|0.0916357116842|False
uid://A002/X98124f/X3d9e|uid://A001/X145/X15d|2013.1.00356.S|0.107947995528|False
uid://A002/X9896b4/X7d67|uid://A001/X145/X15e|2013.1.00356.S|0.0916357116842|False
uid://A002/X9896b4/X8131|uid://A001/X145/X15e|2013.1.00356.S|0.0916357116842|False
uid://A002/X99850b/Xb25|uid://A001/X145/X15e|2013.1.00356.S|0.0916357116842|False
uid://A002/X9d4710/X4de|uid://A001/X145/X15e|2013.1.00356.S|0.0916357116842|False
uid://A002/X9d4710/Xa77|uid://A001/X145/X15e|2013.1.00356.S|0.0916357116842|False
uid://A002/X9f15bd/X31e9|uid://A001/X145/X15e|2013.1.00356.S|0.0916357116842|False
uid://A002/X85b7b2/X706|uid://A001/X12f/X2b4|2013.1.00532.S|0.0128167164554|False
uid://A002/X85c183/X1b68|uid://A001/X12f/X2b4|2013.1.00532.S|0.0128167164554|False
uid://A002/X85c183/X2331|uid://A001/X12f/X2b4|2013.1.00532.S|0.0128167164554|False
uid://A002/X85dcf7/X1712|uid://A001/X12f/X2b4|2013.1.00532.S|0.0128167164554|False
uid://A002/X85dcf7/X1b01|uid://A001/X12f/X2b4|2013.1.00532.S|0.0128167164554|False
uid://A002/X86e521/X229d|uid://A001/X12f/X2b4|2013.1.00532.S|0.0128167164554|False
uid://A002/X877956/X14f3|uid://A001/X12f/X2b4|2013.1.00532.S|0.0128167164554|False
uid://A002/X960614/X35a2|uid://A001/X12f/X2b3|2013.1.00532.S|0.0107016234706|False
uid://A002/X9646fb/X163|uid://A001/X12f/X2b3|2013.1.00532.S|0.0107016234706|False
uid://A002/X9646fb/X38c|uid://A001/X12f/X2b3|2013.1.00532.S|0.0107016234706|False
uid://A002/X972bd6/X79|uid://A001/X12f/X2b3|2013.1.00532.S|0.0107016234706|False
uid://A002/X9d4710/X142e|uid://A001/X12f/X2b5|2013.1.00532.S|0.013135197173|False
uid://A002/Xa0b40d/Xab92|uid://A001/X12f/X2b5|2013.1.00532.S|0.013135197173|False
uid://A002/Xa14be9/X32af|uid://A001/X12f/X2b5|2013.1.00532.S|0.013135197173|False
uid://A002/Xa14be9/X3af7|uid://A001/X12f/X2b5|2013.1.00532.S|0.013135197173|False
uid://A002/Xa14be9/X4059|uid://A001/X12f/X2b5|2013.1.00532.S|0.013135197173|False
uid://A002/X899169/X28f9|uid://A001/X13b/X3a|2013.1.00584.S|0.0289700070404|False
uid://A002/X899169/X2b8f|uid://A001/X13b/X3a|2013.1.00584.S|0.0289700070404|False
uid://A002/X8ba348/X85b|uid://A001/X13b/X3a|2013.1.00584.S|0.0289700070404|False
uid://A002/X8ba348/X9af|uid://A001/X13b/X3a|2013.1.00584.S|0.0289700070404|False
uid://A002/X99b0a8/Xa60|uid://A001/X13b/X39|2013.1.00584.S|0.0331732106746|False
uid://A002/X9a03fb/X18e|uid://A001/X13b/X39|2013.1.00584.S|0.0331732106746|False
uid://A002/X9d4710/X16ba|uid://A001/X13b/X3a|2013.1.00584.S|0.0289700070404|False
uid://A002/X9d4710/X1910|uid://A001/X13b/X3a|2013.1.00584.S|0.0289700070404|False
uid://A002/X9d4710/X1d46|uid://A001/X13b/X3a|2013.1.00584.S|0.0289700070404|False
uid://A002/X9d6f4c/X1a0|uid://A001/X13b/X3a|2013.1.00584.S|0.0289700070404|False
uid://A002/Xa7f13b/X194|uid://A001/X197/Xb1|2013.1.00617.S|2.21110632928|True
uid://A002/Xa81701/X1fc|uid://A001/X197/Xb1|2013.1.00617.S|2.21110632928|True
uid://A002/Xa81701/X75b|uid://A001/X197/Xb1|2013.1.00617.S|2.21110632928|True
uid://A002/Xa8666f/X1f3|uid://A001/X197/Xad|2013.1.00617.S|3.57471130081|True
uid://A002/Xa8666f/X587|uid://A001/X197/Xad|2013.1.00617.S|3.57471130081|True
uid://A002/Xa8666f/X8f4|uid://A001/X197/Xad|2013.1.00617.S|3.57471130081|True
uid://A002/Xa9a44e/X132|uid://A001/X197/Xad|2013.1.00617.S|3.57471130081|True
uid://A002/Xa9a44e/X4ae|uid://A001/X197/Xad|2013.1.00617.S|3.57471130081|True
uid://A002/Xaa8932/X148f|uid://A001/X197/Xad|2013.1.00617.S|3.57471130081|True
uid://A002/X870a15/Xcc|uid://A001/X135/X2b|2013.1.00652.S|0.0966410031571|False
uid://A002/X870a15/X3cc|uid://A001/X135/X2b|2013.1.00652.S|0.0966410031571|False
uid://A002/X870a15/Xa5e|uid://A001/X135/X2d|2013.1.00652.S|0.128501690627|False
uid://A002/X870a15/X1046|uid://A001/X135/X2d|2013.1.00652.S|0.128501690627|False
uid://A002/X8719c8/X1510|uid://A001/X13e/X8e|2013.1.00652.S|0.0717740595933|False
uid://A002/X87436c/X398|uid://A001/X13e/X8e|2013.1.00652.S|0.0608208139182|False
uid://A002/X87436c/X6ae|uid://A001/X135/X29|2013.1.00652.S|0.0889709318994|False
uid://A002/X877e41/X135b|uid://A001/X135/X29|2013.1.00652.S|0.0889709318994|False
uid://A002/X9998b8/Xee3|uid://A001/X145/Xb8|2013.1.00662.S|0.0136294263403|False
uid://A002/X9998b8/X11eb|uid://A001/X145/Xb8|2013.1.00662.S|0.0136294263403|False
uid://A002/X9a3e71/Xffc|uid://A001/X145/Xb8|2013.1.00662.S|0.0136294263403|False
uid://A002/X9a3e71/X1256|uid://A001/X145/Xb8|2013.1.00662.S|0.0136294263403|False
uid://A002/X9a3e71/X15ca|uid://A001/X145/Xb8|2013.1.00662.S|0.0136294263403|False
uid://A002/X9a3e71/X1839|uid://A001/X145/Xb8|2013.1.00662.S|0.0136294263403|False
uid://A002/X9aca45/Xf3f|uid://A001/X145/Xb8|2013.1.00662.S|0.0136294263403|False
uid://A002/Xa8666f/X171e|uid://A001/X145/Xb9|2013.1.00662.S|0.0136294263403|False
uid://A002/X9db5ce/Xc7f|uid://A002/X9a055b/X2|2013.1.00724.S|0.0195474577363|False
uid://A002/X9dcf39/Xe3f|uid://A002/X9a055b/X2|2013.1.00724.S|0.0195474577363|False
uid://A002/X804fed/X725|uid://A001/X121/X158|2013.1.00803.S|0.0369561260232|False
uid://A002/X804fed/X1160|uid://A001/X121/X151|2013.1.00803.S|0.0210860562476|False
uid://A002/X822d50/X43e|uid://A001/X121/X152|2013.1.00803.S|0.0178014953074|False
uid://A002/X822d50/Xc32|uid://A001/X121/X14f|2013.1.00803.S|0.0170629919039|False
uid://A002/X822d50/Xcf8|uid://A001/X121/X159|2013.1.00803.S|0.0335675021109|False
uid://A002/X8358e4/X3e|uid://A001/X121/X159|2013.1.00803.S|0.0335675021109|False
uid://A002/X8358e4/X460|uid://A001/X121/X152|2013.1.00803.S|0.0178014953074|False
uid://A002/X8358e4/X70b|uid://A001/X121/X152|2013.1.00803.S|0.0178014953074|False
uid://A002/X83dbe6/X117|uid://A001/X121/X152|2013.1.00803.S|0.0178014953074|False
uid://A002/X83dbe6/X9ec|uid://A001/X121/X154|2013.1.00803.S|0.0546041633649|False
uid://A002/X83f101/X165|uid://A001/X121/X156|2013.1.00803.S|0.0458327143215|False
uid://A002/X83f101/X49a|uid://A001/X121/X156|2013.1.00803.S|0.0458327143215|False
uid://A002/X95e355/X1ac1|uid://A001/X121/X155|2013.1.00803.S|0.0546041633649|False
uid://A002/X9707f1/X1fdd|uid://A001/X121/X150|2013.1.00803.S|0.0170629919039|False
uid://A002/X9a9a13/X1867|uid://A001/X121/X159|2013.1.00803.S|0.0335675021109|False
uid://A002/X9a9a13/X1c67|uid://A001/X121/X159|2013.1.00803.S|0.0335675021109|False
uid://A002/Xa13953/Xbf|uid://A001/X121/X14f|2013.1.00803.S|0.0170629919039|False
uid://A002/X87c075/Xb7|uid://A001/X122/X12d|2013.1.00832.S|0.0470399832805|False
uid://A002/X87c075/X3e3|uid://A001/X122/X12d|2013.1.00832.S|0.0470399832805|False
uid://A002/X87c075/X43a1|uid://A001/X122/X12d|2013.1.00832.S|0.0470399832805|False
uid://A002/X99c183/X1f1e|uid://A001/X122/X12c|2013.1.00832.S|0.0535913766255|False
uid://A002/X9db5ce/X776|uid://A001/X122/X12c|2013.1.00832.S|0.0535913766255|False
uid://A002/X8774ae/X160|uid://A001/X133/X5|2013.1.00839.S|0.0883247719615|False
uid://A002/X879b80/Xa0|uid://A001/X133/X5|2013.1.00839.S|0.0883247719615|False
uid://A002/X879b80/X455|uid://A001/X133/X5|2013.1.00839.S|0.0883247719615|False
uid://A002/X879b80/X7d7|uid://A001/X133/X5|2013.1.00839.S|0.0883247719615|False
uid://A002/X890839/X645|uid://A001/X133/X7|2013.1.00839.S|0.295268798528|False
uid://A002/X892c75/X30f|uid://A001/X133/X3|2013.1.00839.S|1.35599281699|False
uid://A002/X892c75/X4e0|uid://A001/X133/X7|2013.1.00839.S|0.295268798528|False
uid://A002/X894188/X429|uid://A001/X133/X3|2013.1.00839.S|1.35599281699|False
uid://A002/X895c89/X76c|uid://A001/X133/X3|2013.1.00839.S|1.35599281699|False
uid://A002/X8970e9/X1f4e|uid://A001/X133/X3|2013.1.00839.S|1.35599281699|False
uid://A002/X9f15bd/X17f|uid://A001/X133/X4|2013.1.00839.S|0.0914316693354|True
uid://A002/X9f15bd/X716|uid://A001/X133/X4|2013.1.00839.S|0.0914316693354|True
uid://A002/X9f9284/X175e|uid://A001/X133/X2|2013.1.00839.S|1.36297214414|False
uid://A002/X9fddd8/X2172|uid://A001/X133/X6|2013.1.00839.S|0.315132559954|False
uid://A002/X804fed/Xa46|uid://A001/X11f/X2c|2013.1.00861.S|0.175370578914|True
uid://A002/Xa4b3e9/X1273|uid://A001/X12c/X1a5|2013.1.00897.S|0.0266741255108|False
uid://A002/Xa4ce71/X236|uid://A001/X12c/X1a5|2013.1.00897.S|0.0266741255108|False
uid://A002/Xa9c359/X726|uid://A001/X21f/Xcc|2013.1.00914.S|0.115207453178|True
uid://A002/X9a03fb/Xae8|uid://A002/X996c88/X2c|2013.1.00993.S|0.124680658309|False
uid://A002/X9a0b6f/X968|uid://A002/X996c88/X2c|2013.1.00993.S|0.124680658309|False
uid://A002/X9a0b6f/X10cc|uid://A002/X996c88/X2c|2013.1.00993.S|0.124680658309|False
uid://A002/X9a9a13/X881|uid://A002/X996c88/X2d|2013.1.00993.S|0.140803573223|False
uid://A002/X9d9aa5/Xe7c|uid://A002/X996c88/X2e|2013.1.00993.S|0.140151215919|True
uid://A002/X856bb8/X2ee4|uid://A001/X138/X4d|2013.1.00999.S|0.0117540906559|True
uid://A002/X88063e/Xa23|uid://A001/X138/X4d|2013.1.00999.S|0.0117540906559|False
uid://A002/X88063e/Xc31|uid://A001/X138/X4d|2013.1.00999.S|0.0117540906559|False
uid://A002/X88063e/X1006|uid://A001/X138/X4d|2013.1.00999.S|0.0117540906559|False
uid://A002/X97c221/Xc45|uid://A001/X138/X4d|2013.1.00999.S|0.0117540906559|False
uid://A002/X987623/Xd0|uid://A001/X138/X4d|2013.1.00999.S|0.0117540906559|False
uid://A002/X960614/X194c|uid://A001/X145/X3d2|2013.1.01014.S|3.08095000526|True
uid://A002/X9896b4/X392c|uid://A001/X145/X3d2|2013.1.01014.S|3.08095000526|True
uid://A002/X9f15bd/X10cf|uid://A001/X145/X3d2|2013.1.01014.S|3.08095000526|True
uid://A002/X9f15bd/X153e|uid://A001/X145/X3d2|2013.1.01014.S|3.08095000526|True
uid://A002/X99c183/X7b2e|uid://A001/X145/X405|2013.1.01029.S|0.341427724042|True
uid://A002/X9a5759/X28b8|uid://A001/X145/X407|2013.1.01029.S|0.358096188211|True
uid://A002/X9a755e/X15e7|uid://A001/X145/X406|2013.1.01029.S|0.321088823119|True
uid://A002/X9a8f80/X398|uid://A001/X145/X408|2013.1.01029.S|0.3867823743|True
uid://A002/X839000/X34d7|uid://A001/X122/X2e3|2013.1.01042.S|0.054445420664|False
uid://A002/X84187d/X3421|uid://A001/X122/X2e3|2013.1.01042.S|0.054445420664|False
uid://A002/X984bbe/X53f|uid://A001/X122/X2e2|2013.1.01042.S|0.0638592312458|False
uid://A002/X96e770/X800|uid://A001/X146/X5f|2013.1.01091.S|0.0386499267283|False
uid://A002/X9707f1/X154c|uid://A001/X146/X65|2013.1.01091.S|0.0633613963597|False
uid://A002/X9707f1/X1851|uid://A001/X146/X65|2013.1.01091.S|0.0633613963597|False
uid://A002/X9707f1/X1b7b|uid://A001/X146/X65|2013.1.01091.S|0.0633613963597|False
uid://A002/X972bd6/X763|uid://A001/X146/X63|2013.1.01091.S|0.0306925287065|False
uid://A002/X972bd6/Xa80|uid://A001/X146/X63|2013.1.01091.S|0.0306925287065|False
uid://A002/X9fa4e2/X6759|uid://A001/X146/X5e|2013.1.01091.S|0.0497659951726|False
uid://A002/X9fddd8/X17c9|uid://A001/X146/X60|2013.1.01091.S|0.0681119483252|False
uid://A002/X9ff365/X3a9|uid://A001/X146/X61|2013.1.01091.S|0.0571138903452|False
uid://A002/X9ff365/X739|uid://A001/X146/X61|2013.1.01091.S|0.0571138903452|False
uid://A002/Xa12240/X2b2|uid://A001/X146/X63|2013.1.01091.S|0.0306925287065|False
uid://A002/Xa14be9/X22a|uid://A001/X146/X63|2013.1.01091.S|0.0306925287065|False
uid://A002/Xa25bbf/X570a|uid://A001/X146/X65|2013.1.01091.S|0.0633613963597|False
uid://A002/X8970e9/X6f|uid://A001/X122/X220|2013.1.01114.S|0.0133903156623|False
uid://A002/X8970e9/X46b|uid://A001/X122/X220|2013.1.01114.S|0.0133903156623|False
uid://A002/X899169/X2632|uid://A001/X122/X220|2013.1.01114.S|0.0133903156623|False
uid://A002/X99b0a8/X23c|uid://A001/X122/X21f|2013.1.01114.S|0.0161442644857|False
uid://A002/X9e4650/X31f2|uid://A001/X146/X49|2013.1.01119.S|0.0103925583839|False
uid://A002/Xa0b40d/X4f35|uid://A001/X146/X49|2013.1.01119.S|0.0103925583839|False
uid://A002/X856bb8/X433a|uid://A001/X12f/X30c|2013.1.01161.S|0.0250676037819|False
uid://A002/X85ade7/Xc2e|uid://A001/X12f/X311|2013.1.01161.S|0.0242085170605|False
uid://A002/X97fa9e/Xc3d|uid://A001/X12f/X30b|2013.1.01161.S|0.0209945011861|False
uid://A002/X984bbe/X2804|uid://A001/X12f/X310|2013.1.01161.S|0.0228274973065|False
uid://A002/X9a9a13/X13cd|uid://A001/X12f/X311|2013.1.01161.S|0.0242085170605|False
uid://A002/X9d355b/X262|uid://A001/X12f/X30c|2013.1.01161.S|0.0250676037819|False
uid://A002/X9d355b/X538|uid://A001/X12f/X30b|2013.1.01161.S|0.0209945011861|False
uid://A002/Xa055bc/X595|uid://A001/X12f/X30f|2013.1.01161.S|0.0228274973065|False
uid://A002/Xa16f89/X2a8c|uid://A001/X12f/X30a|2013.1.01161.S|0.0209945011861|False
uid://A002/X969646/X231c|uid://A001/X120/X8|2013.1.01202.S|0.0509429756882|False
uid://A002/Xa12240/X794|uid://A001/X120/X8|2013.1.01202.S|0.0509429756882|False
uid://A002/Xa12240/Xc4f|uid://A001/X120/X8|2013.1.01202.S|0.0509429756882|False
uid://A002/X9ee74a/X2d1d|uid://A001/X197/Xea|2013.1.01204.S|0.250698418851|False
uid://A002/X9fddd8/X3328|uid://A001/X197/Xea|2013.1.01204.S|0.318082451653|False
uid://A002/X9fddd8/X38bb|uid://A001/X197/Xea|2013.1.01204.S|0.318082451653|False
uid://A002/Xa0ad41/X443|uid://A001/X197/Xea|2013.1.01204.S|0.318082451653|False
uid://A002/Xa0ad41/X7cc|uid://A001/X197/Xea|2013.1.01204.S|0.318082451653|False
uid://A002/Xa0f8da/X2242|uid://A001/X197/Xea|2013.1.01204.S|0.318082451653|False
uid://A002/Xa7dc73/X12aa|uid://A001/X197/X39|2013.1.01204.S|0.345154188383|True
uid://A002/Xa8df68/Xfc|uid://A001/X197/X39|2013.1.01204.S|0.345154188383|True
uid://A002/Xa916fc/X561e|uid://A001/X197/X39|2013.1.01204.S|0.345154188383|True
uid://A002/Xa77ec0/X3ec|uid://A001/X197/X20|2013.1.01242.S|0.0150494935533|False
uid://A002/Xaaa05f/X37a|uid://A001/X197/X21|2013.1.01242.S|0.0145566919713|True
uid://A002/X9896b4/X33e5|uid://A001/X146/Xbe|2013.1.01305.S|0.0481764199714|False
uid://A002/X9dcf39/X2dbd|uid://A001/X146/Xbe|2013.1.01305.S|0.0481764199714|False
uid://A002/X804fed/X50e|uid://A001/X122/Xee|2013.1.01312.S|0.0176925479653|False
uid://A002/X821133/X3a0|uid://A001/X122/Xee|2013.1.01312.S|0.0176925479653|False
uid://A002/X82fd01/X32b|uid://A001/X122/Xee|2013.1.01312.S|0.0176925479653|False
uid://A002/X83f101/X85e|uid://A001/X122/Xec|2013.1.01312.S|0.0159014158192|False
uid://A002/X85dcf7/X459|uid://A001/X122/Xee|2013.1.01312.S|0.0176925479653|False
uid://A002/X85dcf7/X8ea|uid://A001/X122/Xee|2013.1.01312.S|0.0176925479653|False
uid://A002/X872bbc/X1695|uid://A001/X122/Xee|2013.1.01312.S|0.0176925479653|False
uid://A002/X872bbc/X1920|uid://A001/X122/Xec|2013.1.01312.S|0.0159014158192|False
uid://A002/X872bbc/X1963|uid://A001/X122/Xee|2013.1.01312.S|0.0176925479653|False
uid://A002/X87544a/Xda7|uid://A001/X122/Xee|2013.1.01312.S|0.0176925479653|False
uid://A002/X87544a/X110c|uid://A001/X122/Xee|2013.1.01312.S|0.0176925479653|False
uid://A002/X877e41/X8e|uid://A001/X122/Xee|2013.1.01312.S|0.0176925479653|False
uid://A002/X877e41/X41e|uid://A001/X122/Xee|2013.1.01312.S|0.0176925479653|False
uid://A002/X98ed3f/X2f25|uid://A001/X122/Xed|2013.1.01312.S|0.0159014158192|False
uid://A002/X98ed3f/X32d8|uid://A001/X122/Xed|2013.1.01312.S|0.0159014158192|False
uid://A002/Xa08aa0/Xaf6|uid://A001/X122/Xec|2013.1.01312.S|0.0159014158192|False
uid://A002/Xa08aa0/X1168|uid://A001/X122/Xec|2013.1.01312.S|0.0159014158192|False
uid://A002/X9896b4/X4624|uid://A001/X122/X2b1|2013.1.01358.S|0.0239386996755|False
uid://A002/X9896b4/X522a|uid://A001/X122/X2b1|2013.1.01358.S|0.0239386996755|False
uid://A002/X99850b/X562|uid://A001/X122/X2b1|2013.1.01358.S|0.0239386996755|False
uid://A002/X9998b8/X1b35|uid://A001/X122/X2b2|2013.1.01358.S|0.0423960564694|False
uid://A002/X9998b8/X2060|uid://A001/X122/X2b2|2013.1.01358.S|0.0423960564694|False
uid://A002/X9d4710/X1fe0|uid://A001/X122/X2b2|2013.1.01358.S|0.0423960564694|False
uid://A002/X9d6f4c/X9d9|uid://A001/X122/X2b2|2013.1.01358.S|0.0423960564694|False
uid://A002/Xa14be9/X6ac|uid://A001/X196/X72|2013.1.01364.S|0.181489613758|False
uid://A002/Xa2d681/Xd1b|uid://A001/X196/X72|2013.1.01364.S|0.181489613758|False
uid://A002/Xa2ea64/Xfa9|uid://A001/X196/X72|2013.1.01364.S|0.181489613758|False
uid://A002/X9dcf39/X28ff|uid://A001/X147/X261|2013.1.01391.S|0.217121765921|True
uid://A002/X9dcf39/X3085|uid://A001/X147/X262|2013.1.01391.S|0.200864201049|False
uid://A002/X9dcf39/X3484|uid://A001/X147/X262|2013.1.01391.S|0.200864201049|False
uid://A002/X9de499/X2f4a|uid://A001/X147/X265|2013.1.01391.S|0.216558755759|True
uid://A002/X9de499/X3601|uid://A001/X147/X269|2013.1.01391.S|0.120859411443|False
uid://A002/X9de499/X40c0|uid://A001/X147/X26d|2013.1.01391.S|0.109361661718|False
uid://A002/X9de499/X4652|uid://A001/X147/X271|2013.1.01391.S|0.1964650045|True
uid://A002/X9e0695/X15c1|uid://A001/X147/X275|2013.1.01391.S|0.195959284859|True
uid://A002/X9e0695/X1d51|uid://A001/X147/X269|2013.1.01391.S|0.120859411443|False
uid://A002/X9e0695/X2447|uid://A001/X147/X26d|2013.1.01391.S|0.109361661718|False
uid://A002/X9e0695/X2b52|uid://A001/X147/X265|2013.1.01391.S|0.216558755759|True
uid://A002/X9e0695/X32ff|uid://A001/X147/X271|2013.1.01391.S|0.1964650045|True
uid://A002/X9e0695/X388a|uid://A001/X147/X261|2013.1.01391.S|0.217121765921|True
uid://A002/X9e0695/X7fd8|uid://A001/X147/X262|2013.1.01391.S|0.200864201049|False
uid://A002/X9efec8/X2dbf|uid://A001/X147/X266|2013.1.01391.S|0.193657630859|False
uid://A002/X9f2ff8/X3d54|uid://A001/X147/X26a|2013.1.01391.S|0.108650951972|False
uid://A002/X9f2ff8/X4197|uid://A001/X147/X26a|2013.1.01391.S|0.108650951972|False
uid://A002/X9f2ff8/X457a|uid://A001/X147/X26a|2013.1.01391.S|0.108650951972|False
uid://A002/X9f54f7/X1027|uid://A001/X147/X272|2013.1.01391.S|0.21350530309|False
uid://A002/X9f54f7/X1500|uid://A001/X147/X272|2013.1.01391.S|0.21350530309|False
uid://A002/X9f54f7/X18ab|uid://A001/X147/X272|2013.1.01391.S|0.21350530309|False
uid://A002/X9f71ec/Xe8a|uid://A001/X147/X276|2013.1.01391.S|0.208088214602|False
uid://A002/X9f71ec/X12d7|uid://A001/X147/X276|2013.1.01391.S|0.208088214602|False
uid://A002/X9f9284/X1212|uid://A001/X147/X276|2013.1.01391.S|0.208088214602|False
uid://A002/X9f9284/X1664|uid://A001/X147/X276|2013.1.01391.S|0.208088214602|False
uid://A002/X9f9284/X1b25|uid://A001/X147/X276|2013.1.01391.S|0.208088214602|False
uid://A002/X9f9284/X1fb6|uid://A001/X147/X266|2013.1.01391.S|0.193657630859|False
uid://A002/X9f9284/X240e|uid://A001/X147/X266|2013.1.01391.S|0.193657630859|False
uid://A002/Xa068cb/X15b5|uid://A001/X147/X26e|2013.1.01391.S|0.106126062929|False
uid://A002/Xa09b0b/X5bc|uid://A001/X147/X26e|2013.1.01391.S|0.106126062929|False
uid://A002/Xa0f8da/X1d5f|uid://A001/X147/X26e|2013.1.01391.S|0.106126062929|False
uid://A002/Xae4720/X3420|uid://A001/X2f7/X98|2015.1.00007.S|0.0116915394414|True
uid://A002/Xaeaf96/Xc92|uid://A002/Xad2d3f/X1|2015.1.00007.S|0.0106756560803|True
uid://A002/Xaee04e/X18c2|uid://A001/X2f7/X99|2015.1.00007.S|0.0122526551916|True
uid://A002/Xaee04e/X1c05|uid://A001/X2f7/X99|2015.1.00007.S|0.0122526551917|True
uid://A002/Xaee04e/X20cd|uid://A001/X2f7/X99|2015.1.00007.S|0.0122526551917|True
uid://A002/Xaef195/X306c|uid://A001/X2f7/X99|2015.1.00007.S|0.0122526552041|True
uid://A002/Xaf7f20/X1264|uid://A001/X2fe/X2d|2015.1.00121.S|0.0228455891712|True
uid://A002/Xaf7f20/X1652|uid://A001/X2fe/X25|2015.1.00121.S|0.0228274973065|True
uid://A002/Xaf985b/X651|uid://A001/X2fe/X29|2015.1.00121.S|0.0228094125477|True
uid://A002/Xb020f7/X2c16|uid://A001/X2fe/X26|2015.1.00121.S|0.0242085170605|True
uid://A002/Xb020f7/X3616|uid://A001/X2fe/X26|2015.1.00121.S|0.0242085170605|True
uid://A002/Xb020f7/X4679|uid://A001/X2fe/X26|2015.1.00121.S|0.0242085170605|True
uid://A002/Xb03fa0/X1b38|uid://A001/X2fe/X26|2015.1.00121.S|0.0242085170605|True
uid://A002/Xb03fa0/X2333|uid://A001/X2fe/X2a|2015.1.00121.S|0.0241893371815|True
uid://A002/Xb03fa0/X2c22|uid://A001/X2fe/X2a|2015.1.00121.S|0.0241893371815|True
uid://A002/Xaf4574/X6f9|uid://A001/X2fe/X10d|2015.1.00190.S|0.15827974435|True
uid://A002/Xaf4574/Xa4b|uid://A001/X2fe/X10d|2015.1.00190.S|0.15827974433|True
uid://A002/Xaf9ce7/X2963|uid://A001/X2fe/X3d6|2015.1.00223.S|0.0144612136098|True
uid://A002/Xaf9ce7/X2cd2|uid://A001/X2fe/X3d6|2015.1.00223.S|0.0144612136098|True
uid://A002/Xaf9ce7/X507a|uid://A001/X2fe/X3d8|2015.1.00223.S|0.0144073475685|True
uid://A002/Xaf9ce7/X14e|uid://A001/X2fe/X267|2015.1.00258.S|0.0743098986272|True
uid://A002/Xaf9ce7/X61a|uid://A001/X2fe/X267|2015.1.00258.S|0.0743098986272|True
uid://A002/Xaf9ce7/X3049|uid://A001/X2fe/X26b|2015.1.00258.S|0.393608183388|True
uid://A002/Xaf9ce7/X3394|uid://A001/X2fe/X26b|2015.1.00258.S|0.393608183388|True
uid://A002/Xad93f4/X1b37|uid://A001/X2d8/Xa2|2015.1.00357.S|0.171759450848|True
uid://A002/Xad93f4/X2067|uid://A001/X2d8/Xa2|2015.1.00357.S|0.171759450848|True
uid://A002/Xad93f4/X25b2|uid://A001/X2d8/Xa2|2015.1.00357.S|0.171759450848|True
uid://A002/Xad93f4/X29d5|uid://A001/X2d8/Xa2|2015.1.00357.S|0.171759450848|True
uid://A002/Xadabcb/Xcc1|uid://A001/X2d8/X9d|2015.1.00357.S|0.099461770072|True
uid://A002/Xadabcb/X1102|uid://A001/X2d8/X9d|2015.1.00357.S|0.099461770072|True
uid://A002/Xadabcb/X1565|uid://A001/X2d8/Xa1|2015.1.00357.S|0.161806292907|True
uid://A002/Xadabcb/X1dcc|uid://A001/X2d8/Xa1|2015.1.00357.S|0.161806292907|True
uid://A002/Xadc734/X202b|uid://A001/X2d8/Xa1|2015.1.00357.S|0.161806292907|True
uid://A002/Xadc734/X2a25|uid://A001/X2d8/X9d|2015.1.00357.S|0.099461770072|True
uid://A002/Xade68e/X2bf0|uid://A001/X2d8/X9d|2015.1.00357.S|0.099461770072|True
uid://A002/Xae4720/X309a|uid://A001/X2d8/Xa1|2015.1.00357.S|0.161806292907|True
uid://A002/Xae4720/X5ee1|uid://A001/X2d8/Xa2|2015.1.00357.S|0.171759450848|True
uid://A002/Xae4720/X62b1|uid://A001/X2d8/Xa9|2015.1.00357.S|0.171103096826|True
uid://A002/Xae4720/X6890|uid://A001/X2d8/Xa2|2015.1.00357.S|0.171759450848|True
uid://A002/Xae4720/X69b9|uid://A001/X2d8/Xa9|2015.1.00357.S|0.171103096826|True
uid://A002/Xae5b1d/X1d92|uid://A001/X2d8/X9e|2015.1.00357.S|0.0998010699117|True
uid://A002/Xae75f3/Xf18|uid://A001/X2d8/Xad|2015.1.00357.S|0.229753380716|True
uid://A002/Xae75f3/X1211|uid://A001/X2d8/Xad|2015.1.00357.S|0.229753380716|True
uid://A002/Xae75f3/X14d2|uid://A001/X2d8/Xa5|2015.1.00357.S|0.21821605215|True
uid://A002/Xae926d/X10f2|uid://A001/X2d8/Xa5|2015.1.00357.S|0.21821605215|True
uid://A002/Xb020f7/X232e|uid://A001/X2d8/Xa2|2015.1.00357.S|0.171759450848|True
uid://A002/Xac4a6e/X1ca|uid://A001/X2d1/X24|2015.1.00418.S|0.0446341349077|True
uid://A002/Xacca73/Xf7f|uid://A001/X2d1/X24|2015.1.00418.S|0.0446341349077|True
uid://A002/Xacca73/X16fd|uid://A001/X2d1/X24|2015.1.00418.S|0.0446341349077|True
uid://A002/Xad93f4/X43e6|uid://A001/X2d1/X24|2015.1.00418.S|0.0446341349077|True
uid://A002/Xaeaf96/X23b|uid://A001/X2f6/X15b|2015.1.00581.S|0.0697239147596|True
uid://A002/Xaebbcb/X6ad|uid://A001/X2f6/X15a|2015.1.00581.S|0.163282516748|True
uid://A002/Xaeedf8/X43b|uid://A001/X2f6/X159|2015.1.00581.S|0.121131730359|True
uid://A002/Xaef195/X4f46|uid://A001/X2f6/X158|2015.1.00581.S|0.120150684782|True
uid://A002/Xae4720/X9a1|uid://A001/X2f7/X89|2015.1.00669.S|0.0313322037021|True
uid://A002/Xae4720/Xcc3|uid://A001/X2f7/X89|2015.1.00669.S|0.0313322037021|True
uid://A002/Xae4720/X2ab8|uid://A001/X2f7/X89|2015.1.00669.S|0.0313322037021|True
uid://A002/Xae4720/X2d95|uid://A001/X2f7/X89|2015.1.00669.S|0.0313322037021|True
uid://A002/Xae4720/X591d|uid://A001/X2f7/X89|2015.1.00669.S|0.0313322037021|True
uid://A002/Xae75f3/Xba2|uid://A001/X2f7/X8a|2015.1.00669.S|0.0333255825164|True
uid://A002/Xae75f3/X389c|uid://A001/X2f7/X8a|2015.1.00669.S|0.0333255825164|True
uid://A002/Xae75f3/X3b79|uid://A001/X2f7/X8a|2015.1.00669.S|0.0333255825164|True
uid://A002/Xae75f3/X3c72|uid://A001/X2f7/X8a|2015.1.00669.S|0.0333255825164|True
uid://A002/Xae75f3/X4000|uid://A001/X2f7/X8a|2015.1.00669.S|0.0333255825164|True
uid://A002/Xaecf7b/X65c|uid://A001/X2f7/X8a|2015.1.00669.S|0.0333255825164|True
uid://A002/Xaec9ef/Xfd9|uid://A001/X2df/Xee|2015.1.00908.S|0.0230740754299|True
uid://A002/Xaec9ef/X13a9|uid://A001/X2df/Xee|2015.1.00908.S|0.0230740754299|True
uid://A002/Xaecf7b/X402d|uid://A001/X2df/Xee|2015.1.00908.S|0.0230740754299|True
uid://A002/Xaecf7b/X476a|uid://A001/X2df/Xee|2015.1.00908.S|0.0230740754299|True
uid://A002/Xaf05a3/X1c74|uid://A001/X2df/Xef|2015.1.00908.S|0.0136826324192|True
uid://A002/Xaf05a3/X2094|uid://A001/X2df/Xef|2015.1.00908.S|0.0136826324192|True
uid://A002/Xaf05a3/X24d9|uid://A001/X2df/Xef|2015.1.00908.S|0.0136826324192|True
uid://A002/Xaf05a3/X2942|uid://A001/X2df/Xef|2015.1.00908.S|0.0136826324192|True
uid://A002/Xaf05a3/X5f98|uid://A001/X2df/Xef|2015.1.00908.S|0.0136826324192|True
uid://A002/Xaf05a3/X6697|uid://A001/X2df/Xef|2015.1.00908.S|0.0136826324192|True
uid://A002/Xaf05a3/X6e78|uid://A001/X2df/Xef|2015.1.00908.S|0.0136826324192|True
uid://A002/Xaf9ce7/X3877|uid://A001/X2fb/X240|2015.1.00956.S|0.0687897905614|True
uid://A002/Xaf9ce7/X4397|uid://A001/X2fb/X254|2015.1.00956.S|0.0115377601477|True
uid://A002/Xafb2c8/X500|uid://A001/X2fb/X250|2015.1.00956.S|0.0171416858401|True
uid://A002/Xafb2c8/Xaeb|uid://A001/X2fb/X25c|2015.1.00956.S|0.0166383356503|True
uid://A002/Xaf2188/X3019|uid://A001/X2de/X4|2015.1.01013.S|0.135617546645|True
uid://A002/Xaf372c/X1c2|uid://A001/X2de/X4|2015.1.01013.S|0.135617546645|True
uid://A002/Xaf372c/X4cc|uid://A001/X2de/Xa3|2015.1.01013.S|0.109365922213|True
uid://A002/Xaf372c/X6f0|uid://A001/X2de/Xa3|2015.1.01013.S|0.109365922213|True
uid://A002/Xaf05a3/X6b0d|uid://A001/X2f6/X29e|2015.1.01014.S|0.0307882104004|True
uid://A002/Xaf05a3/X6d52|uid://A001/X2f6/X29e|2015.1.01014.S|0.0307882104004|True
uid://A002/Xaf2188/X1a6e|uid://A001/X2f6/X29a|2015.1.01014.S|0.0111703937645|True
uid://A002/Xaf2188/X1dca|uid://A001/X2f6/X29a|2015.1.01014.S|0.0111703937645|True
uid://A002/Xaf3cd6/Xbe7|uid://A001/X2f6/X29a|2015.1.01014.S|0.0111703937645|True
uid://A002/Xaeaf96/X61a|uid://A001/X2d8/X1e7|2015.1.01046.S|0.023293111768|True
uid://A002/Xaeaf96/X944|uid://A001/X2d8/X1e7|2015.1.01046.S|0.023293111768|True
uid://A002/Xaeaf96/X2d31|uid://A001/X2d8/X1e9|2015.1.01046.S|0.0170332243199|True
uid://A002/Xaeaf96/X2f8b|uid://A001/X2d8/X1e9|2015.1.01046.S|0.0170332243199|True
uid://A002/Xaebbcb/X1662|uid://A001/X2d8/X1e9|2015.1.01046.S|0.0170332243199|True
uid://A002/Xaebbcb/X36cb|uid://A001/X2d8/X1e9|2015.1.01046.S|0.0170332243199|True
uid://A002/Xad74b0/X991|uid://A001/X2d6/X115|2015.1.01125.S|0.0196309616995|True
uid://A002/Xad7fdd/Xefa|uid://A001/X2d6/X115|2015.1.01125.S|0.0196309616995|True
uid://A002/Xad7fdd/X19cb|uid://A001/X2d6/X115|2015.1.01125.S|0.0196309616995|True
uid://A002/Xadc734/X321|uid://A001/X2d6/X115|2015.1.01125.S|0.0196309616995|True
uid://A002/Xaea19c/X330|uid://A001/X2d6/X114|2015.1.01125.S|0.0162023512779|True
uid://A002/Xaef195/X184a|uid://A001/X2d6/X114|2015.1.01125.S|0.0162023512779|True
uid://A002/Xaef195/X1bf1|uid://A001/X2d6/X115|2015.1.01125.S|0.0196309616995|True
uid://A002/Xaef195/X1e6a|uid://A001/X2d6/X114|2015.1.01125.S|0.0162023512779|True
uid://A002/Xaef195/X532f|uid://A001/X2d6/X115|2015.1.01125.S|0.0196309616995|True
uid://A002/Xaf9ce7/X3ce6|uid://A001/X2fa/X293|2015.1.01130.S|0.0255919265712|True
uid://A002/Xb00ce7/X2768|uid://A001/X2fb/Xc8e|2015.1.01135.S|0.0383687972482|True
uid://A002/Xaf6995/X23d|uid://A001/X2fb/X185|2015.1.01232.S|0.286127221868|True
uid://A002/Xaeaf96/X2150|uid://A001/X2f7/X11e|2015.1.01329.S|0.0172323370742|True
uid://A002/Xaebbcb/X213e|uid://A001/X2f7/X11e|2015.1.01329.S|0.0172323370742|True
uid://A002/Xaebbcb/X2430|uid://A001/X2f7/X11e|2015.1.01329.S|0.0172323370742|True
uid://A002/Xaebbcb/X5026|uid://A001/X2f7/X11f|2015.1.01329.S|0.0191795170643|True
uid://A002/Xaecf7b/X2754|uid://A001/X2f7/X11f|2015.1.01329.S|0.0191795170643|True
uid://A002/Xaf7f20/X1d5b|uid://A001/X2fb/X479|2015.1.01344.S|2.20884006148|True
uid://A002/Xac5575/Xa3f5|uid://A001/X2df/X117|2015.1.01388.S|0.0394535705099|True
uid://A002/Xac5575/Xab3c|uid://A001/X2df/X117|2015.1.01388.S|0.0394535705099|True
uid://A002/Xac5575/Xb22c|uid://A001/X2df/X117|2015.1.01388.S|0.0394535705099|True
uid://A002/Xac5575/Xb951|uid://A001/X2df/X117|2015.1.01388.S|0.0394535705099|True
uid://A002/Xac7ce4/X47b|uid://A001/X2df/X117|2015.1.01388.S|0.0394535705099|True
uid://A002/Xac7ce4/X80c|uid://A001/X2df/X117|2015.1.01388.S|0.0394535705099|True
uid://A002/Xac7ce4/Xc3f|uid://A001/X2df/X117|2015.1.01388.S|0.0394535705099|True
uid://A002/Xacc4e4/Xbbc|uid://A001/X2df/X117|2015.1.01388.S|0.0394535705099|True
uid://A002/Xacc4e4/Xf98|uid://A001/X2df/X117|2015.1.01388.S|0.0394535705099|True
uid://A002/Xacc4e4/X12f3|uid://A001/X2df/X117|2015.1.01388.S|0.0394535705099|True
uid://A002/Xacca73/X2fe8|uid://A001/X2df/X117|2015.1.01388.S|0.0394535705099|True
uid://A002/Xacca73/X335f|uid://A001/X2df/X117|2015.1.01388.S|0.0394535705099|True
uid://A002/Xacca73/X53fe|uid://A001/X2df/X117|2015.1.01388.S|0.0394535705099|True
uid://A002/Xad6824/X1638|uid://A001/X2df/X117|2015.1.01388.S|0.0394535705099|True
uid://A002/Xad7fdd/X2efe|uid://A001/X2df/X117|2015.1.01388.S|0.0394535705099|True
uid://A002/Xadc734/X1b0e|uid://A001/X2df/X117|2015.1.01388.S|0.0394535705099|True
uid://A002/Xadc734/X2a38|uid://A001/X2df/X117|2015.1.01388.S|0.0394535705099|True
uid://A002/Xadc734/X38a7|uid://A001/X2df/X117|2015.1.01388.S|0.0394535705099|True
uid://A002/Xade68e/X216b|uid://A001/X2df/X117|2015.1.01388.S|0.0394535705099|True
uid://A002/Xaf3cd6/X11dc|uid://A001/X2fb/X223|2015.1.01404.S|0.0142625199065|False
uid://A002/Xaf4574/X271b|uid://A001/X2fb/X223|2015.1.01404.S|0.0142625199065|True
uid://A002/Xaf5c32/X1f39|uid://A001/X2fb/X223|2015.1.01404.S|0.0142625199065|True
uid://A002/Xaef195/X4c94|uid://A001/X2f6/X22c|2015.1.01425.S|0.0178879802289|True
uid://A002/Xaf5c32/X19c8|uid://A001/X2fb/X443|2015.1.01520.S|0.171452470505|True
uid://A002/Xaf6995/X16c3|uid://A001/X2fb/X443|2015.1.01520.S|0.171452470505|True
uid://A002/Xaf9ce7/X1c97|uid://A001/X2fb/X443|2015.1.01520.S|0.171452470505|True
uid://A002/Xaf9ce7/X49ea|uid://A001/X2fb/X443|2015.1.01520.S|0.171452470505|True
uid://A002/Xaf9ce7/X4dd5|uid://A001/X2fb/X443|2015.1.01520.S|0.171452470505|True
uid://A002/Xb03fa0/X3524|uid://A001/X2fb/X444|2015.1.01520.S|0.168643859516|True
uid://A002/Xaf9ce7/X199d|uid://A001/X2fb/X9e|2015.1.01577.S|0.0210856369675|True
uid://A002/Xaf985b/X9b3|uid://A001/X2fe/X3ab|2015.1.01593.S|0.0239212352397|True
uid://A002/Xaf9ce7/X16d1|uid://A001/X2fe/X3af|2015.1.01593.S|0.0154948933348|True
uid://A002/Xaf9ce7/X3ffe|uid://A001/X2fe/X3af|2015.1.01593.S|0.0154948933348|True
uid://A002/Xb02e35/X2ff0|uid://A001/X2fe/X3b0|2015.1.01593.S|0.0122714278739|True
